building_type,elemental_code,code_name,category,cost_per_sf_low,cost_per_sf_avg,cost_per_sf_high,mult_procurement_cmar,mult_procurement_hard_bid,mult_procurement_design_build,mult_procurement_csp,mult_construction_concrete,mult_construction_steel,mult_construction_mass_timber,mult_construction_wood_frame,mult_stories_1,mult_stories_2,mult_stories_3,mult_stories_4
Elementary,A10,Foundations,Substructure,12.00,15.00,18.00,0.900,1.100,1.000,1.050,0.950,1.000,1.250,0.850,1.000,1.050,1.100,1.150
Elementary,A20,Basement Construction,Substructure,8.00,10.00,12.00,0.900,1.100,1.000,1.050,0.900,1.000,1.200,0.800,1.000,1.030,1.060,1.090
Elementary,A30,Substructure Specialties,Substructure,2.00,3.00,4.00,0.900,1.100,1.000,1.050,1.000,1.000,1.000,1.000,1.000,1.000,1.000,1.000
Elementary,B10,Floor Construction,Shell,18.00,22.00,28.00,0.900,1.100,1.000,1.050,0.850,1.000,1.350,0.750,1.000,1.080,1.160,1.240
Elementary,B20,Roof Construction,Shell,14.00,18.00,22.00,0.900,1.100,1.000,1.050,0.900,1.000,1.300,0.800,1.000,1.050,1.100,1.150
Elementary,B30,Structural Frame,Shell,22.00,28.00,35.00,0.900,1.100,1.000,1.050,0.800,1.000,1.400,0.700,1.000,1.100,1.200,1.300
Elementary,B40,Structural Specialties,Shell,3.00,4.00,5.00,0.900,1.100,1.000,1.050,1.000,1.000,1.100,0.950,1.000,1.020,1.040,1.060
Elementary,C10,Exterior Walls,Enclosure,25.00,32.00,40.00,0.900,1.100,1.000,1.050,0.950,1.000,1.150,0.900,1.000,1.030,1.060,1.090
Elementary,C20,Exterior Windows,Enclosure,12.00,16.00,20.00,0.900,1.100,1.000,1.050,1.000,1.000,1.000,1.000,1.000,1.020,1.040,1.060
Elementary,C30,Exterior Doors,Enclosure,4.00,6.00,8.00,0.900,1.100,1.000,1.050,1.000,1.000,1.000,1.000,1.000,1.000,1.000,1.000
Elementary,C40,Roofing,Enclosure,10.00,14.00,18.00,0.900,1.100,1.000,1.050,1.000,1.000,1.050,0.950,1.000,1.000,1.000,1.000
Elementary,C50,Exterior Specialties,Enclosure,2.00,3.00,4.00,0.900,1.100,1.000,1.050,1.000,1.000,1.000,1.000,1.000,1.000,1.000,1.000
Elementary,D10,Interior Partitions,Interiors,8.00,12.00,16.00,0.900,1.100,1.000,1.050,1.000,1.000,1.000,1.000,1.000,1.020,1.040,1.060
Elementary,D20,Interior Doors,Interiors,5.00,7.00,9.00,0.900,1.100,1.000,1.050,1.000,1.000,1.000,1.000,1.000,1.020,1.040,1.060
Elementary,D30,Fittings & Specialties,Interiors,6.00,8.00,10.00,0.900,1.100,1.000,1.050,1.000,1.000,1.000,1.000,1.000,1.000,1.000,1.000
Elementary,D40,Stairs,Interiors,4.00,6.00,8.00,0.900,1.100,1.000,1.050,0.950,1.000,1.100,0.900,1.000,1.150,1.300,1.450
Elementary,D50,Finishes,Interiors,15.00,20.00,25.00,0.900,1.100,1.000,1.050,1.000,1.000,1.000,1.000,1.000,1.000,1.000,1.000
Elementary,E10,Plumbing,Services,12.00,16.00,20.00,0.900,1.100,1.000,1.050,1.000,1.000,1.000,1.000,1.000,1.050,1.100,1.150
Elementary,E20,HVAC,Services,22.00,28.00,35.00,0.900,1.100,1.000,1.050,1.000,1.000,1.000,1.000,1.000,1.030,1.060,1.090
Elementary,E30,Fire Protection,Services,6.00,8.00,10.00,0.900,1.100,1.000,1.050,1.000,1.000,1.000,1.000,1.000,1.020,1.040,1.060
Elementary,E40,Electrical,Services,18.00,24.00,30.00,0.900,1.100,1.000,1.050,1.000,1.000,1.000,1.000,1.000,1.050,1.100,1.150
Elementary,E50,Conveying Systems,Services,0.00,2.00,8.00,0.900,1.100,1.000,1.050,1.000,1.000,1.000,1.000,1.000,1.500,1.800,2.000
Elementary,F10,Fixed Equipment,Equipment,4.00,6.00,10.00,0.900,1.100,1.000,1.050,1.000,1.000,1.000,1.000,1.000,1.000,1.000,1.000
Elementary,F20,Furnishings,Equipment,3.00,5.00,8.00,0.900,1.100,1.000,1.050,1.000,1.000,1.000,1.000,1.000,1.000,1.000,1.000
Elementary,G10,Special Construction,Site,2.00,4.00,6.00,0.900,1.100,1.000,1.050,1.000,1.000,1.000,1.000,1.000,1.000,1.000,1.000
Elementary,G20,Building Demolition,Site,0.00,2.00,5.00,0.900,1.100,1.000,1.050,1.000,1.000,1.000,1.000,1.000,1.000,1.000,1.000
Elementary,Z10,General Requirements,General,8.00,12.00,16.00,0.900,1.100,1.000,1.050,1.000,1.000,1.000,1.000,1.000,1.000,1.000,1.000
Elementary,Z20,Contingency / Escalation,General,10.00,15.00,20.00,0.900,1.100,1.000,1.050,1.000,1.000,1.000,1.000,1.000,1.000,1.000,1.000
Middle,A10,Foundations,Substructure,13.00,16.50,19.80,0.900,1.100,1.000,1.050,0.950,1.000,1.250,0.850,1.000,1.050,1.100,1.150
Middle,A20,Basement Construction,Substructure,8.80,11.00,13.20,0.900,1.100,1.000,1.050,0.900,1.000,1.200,0.800,1.000,1.030,1.060,1.090
Middle,A30,Substructure Specialties,Substructure,2.20,3.30,4.40,0.900,1.100,1.000,1.050,1.000,1.000,1.000,1.000,1.000,1.000,1.000,1.000
Middle,B10,Floor Construction,Shell,19.80,24.20,30.80,0.900,1.100,1.000,1.050,0.850,1.000,1.350,0.750,1.000,1.080,1.160,1.240
Middle,B20,Roof Construction,Shell,15.40,19.80,24.20,0.900,1.100,1.000,1.050,0.900,1.000,1.300,0.800,1.000,1.050,1.100,1.150
Middle,B30,Structural Frame,Shell,24.20,30.80,38.50,0.900,1.100,1.000,1.050,0.800,1.000,1.400,0.700,1.000,1.100,1.200,1.300
Middle,B40,Structural Specialties,Shell,3.30,4.40,5.50,0.900,1.100,1.000,1.050,1.000,1.000,1.100,0.950,1.000,1.020,1.040,1.060
Middle,C10,Exterior Walls,Enclosure,27.50,35.20,44.00,0.900,1.100,1.000,1.050,0.950,1.000,1.150,0.900,1.000,1.030,1.060,1.090
Middle,C20,Exterior Windows,Enclosure,13.20,17.60,22.00,0.900,1.100,1.000,1.050,1.000,1.000,1.000,1.000,1.000,1.020,1.040,1.060
Middle,C30,Exterior Doors,Enclosure,4.40,6.60,8.80,0.900,1.100,1.000,1.050,1.000,1.000,1.000,1.000,1.000,1.000,1.000,1.000
Middle,C40,Roofing,Enclosure,11.00,15.40,19.80,0.900,1.100,1.000,1.050,1.000,1.000,1.050,0.950,1.000,1.000,1.000,1.000
Middle,C50,Exterior Specialties,Enclosure,2.20,3.30,4.40,0.900,1.100,1.000,1.050,1.000,1.000,1.000,1.000,1.000,1.000,1.000,1.000
Middle,D10,Interior Partitions,Interiors,8.80,13.20,17.60,0.900,1.100,1.000,1.050,1.000,1.000,1.000,1.000,1.000,1.020,1.040,1.060
Middle,D20,Interior Doors,Interiors,5.50,7.70,9.90,0.900,1.100,1.000,1.050,1.000,1.000,1.000,1.000,1.000,1.020,1.040,1.060
Middle,D30,Fittings & Specialties,Interiors,6.60,8.80,11.00,0.900,1.100,1.000,1.050,1.000,1.000,1.000,1.000,1.000,1.000,1.000,1.000
Middle,D40,Stairs,Interiors,4.40,6.60,8.80,0.900,1.100,1.000,1.050,0.950,1.000,1.100,0.900,1.000,1.150,1.300,1.450
Middle,D50,Finishes,Interiors,16.50,22.00,27.50,0.900,1.100,1.000,1.050,1.000,1.000,1.000,1.000,1.000,1.000,1.000,1.000
Middle,E10,Plumbing,Services,13.20,17.60,22.00,0.900,1.100,1.000,1.050,1.000,1.000,1.000,1.000,1.000,1.050,1.100,1.150
Middle,E20,HVAC,Services,24.20,30.80,38.50,0.900,1.100,1.000,1.050,1.000,1.000,1.000,1.000,1.000,1.030,1.060,1.090
Middle,E30,Fire Protection,Services,6.60,8.80,11.00,0.900,1.100,1.000,1.050,1.000,1.000,1.000,1.000,1.000,1.020,1.040,1.060
Middle,E40,Electrical,Services,19.80,26.40,33.00,0.900,1.100,1.000,1.050,1.000,1.000,1.000,1.000,1.000,1.050,1.100,1.150
Middle,E50,Conveying Systems,Services,0.00,2.20,8.80,0.900,1.100,1.000,1.050,1.000,1.000,1.000,1.000,1.000,1.500,1.800,2.000
Middle,F10,Fixed Equipment,Equipment,4.40,6.60,11.00,0.900,1.100,1.000,1.050,1.000,1.000,1.000,1.000,1.000,1.000,1.000,1.000
Middle,F20,Furnishings,Equipment,3.30,5.50,8.80,0.900,1.100,1.000,1.050,1.000,1.000,1.000,1.000,1.000,1.000,1.000,1.000
Middle,G10,Special Construction,Site,2.20,4.40,6.60,0.900,1.100,1.000,1.050,1.000,1.000,1.000,1.000,1.000,1.000,1.000,1.000
Middle,G20,Building Demolition,Site,0.00,2.20,5.50,0.900,1.100,1.000,1.050,1.000,1.000,1.000,1.000,1.000,1.000,1.000,1.000
Middle,Z10,General Requirements,General,8.80,13.20,17.60,0.900,1.100,1.000,1.050,1.000,1.000,1.000,1.000,1.000,1.000,1.000,1.000
Middle,Z20,Contingency / Escalation,General,11.00,16.50,22.00,0.900,1.100,1.000,1.050,1.000,1.000,1.000,1.000,1.000,1.000,1.000,1.000
High School,A10,Foundations,Substructure,14.40,18.00,21.60,0.900,1.100,1.000,1.050,0.950,1.000,1.250,0.850,1.000,1.050,1.100,1.150
High School,A20,Basement Construction,Substructure,9.60,12.00,14.40,0.900,1.100,1.000,1.050,0.900,1.000,1.200,0.800,1.000,1.030,1.060,1.090
High School,A30,Substructure Specialties,Substructure,2.40,3.60,4.80,0.900,1.100,1.000,1.050,1.000,1.000,1.000,1.000,1.000,1.000,1.000,1.000
High School,B10,Floor Construction,Shell,21.60,26.40,33.60,0.900,1.100,1.000,1.050,0.850,1.000,1.350,0.750,1.000,1.080,1.160,1.240
High School,B20,Roof Construction,Shell,16.80,21.60,26.40,0.900,1.100,1.000,1.050,0.900,1.000,1.300,0.800,1.000,1.050,1.100,1.150
High School,B30,Structural Frame,Shell,26.40,33.60,42.00,0.900,1.100,1.000,1.050,0.800,1.000,1.400,0.700,1.000,1.100,1.200,1.300
High School,B40,Structural Specialties,Shell,3.60,4.80,6.00,0.900,1.100,1.000,1.050,1.000,1.000,1.100,0.950,1.000,1.020,1.040,1.060
High School,C10,Exterior Walls,Enclosure,30.00,38.40,48.00,0.900,1.100,1.000,1.050,0.950,1.000,1.150,0.900,1.000,1.030,1.060,1.090
High School,C20,Exterior Windows,Enclosure,14.40,19.20,24.00,0.900,1.100,1.000,1.050,1.000,1.000,1.000,1.000,1.000,1.020,1.040,1.060
High School,C30,Exterior Doors,Enclosure,4.80,7.20,9.60,0.900,1.100,1.000,1.050,1.000,1.000,1.000,1.000,1.000,1.000,1.000,1.000
High School,C40,Roofing,Enclosure,12.00,16.80,21.60,0.900,1.100,1.000,1.050,1.000,1.000,1.050,0.950,1.000,1.000,1.000,1.000
High School,C50,Exterior Specialties,Enclosure,2.40,3.60,4.80,0.900,1.100,1.000,1.050,1.000,1.000,1.000,1.000,1.000,1.000,1.000,1.000
High School,D10,Interior Partitions,Interiors,9.60,14.40,19.20,0.900,1.100,1.000,1.050,1.000,1.000,1.000,1.000,1.000,1.020,1.040,1.060
High School,D20,Interior Doors,Interiors,6.00,8.40,10.80,0.900,1.100,1.000,1.050,1.000,1.000,1.000,1.000,1.000,1.020,1.040,1.060
High School,D30,Fittings & Specialties,Interiors,7.20,9.60,12.00,0.900,1.100,1.000,1.050,1.000,1.000,1.000,1.000,1.000,1.000,1.000,1.000
High School,D40,Stairs,Interiors,4.80,7.20,9.60,0.900,1.100,1.000,1.050,0.950,1.000,1.100,0.900,1.000,1.150,1.300,1.450
High School,D50,Finishes,Interiors,18.00,24.00,30.00,0.900,1.100,1.000,1.050,1.000,1.000,1.000,1.000,1.000,1.000,1.000,1.000
High School,E10,Plumbing,Services,14.40,19.20,24.00,0.900,1.100,1.000,1.050,1.000,1.000,1.000,1.000,1.000,1.050,1.100,1.150
High School,E20,HVAC,Services,26.40,33.60,42.00,0.900,1.100,1.000,1.050,1.000,1.000,1.000,1.000,1.000,1.030,1.060,1.090
High School,E30,Fire Protection,Services,7.20,9.60,12.00,0.900,1.100,1.000,1.050,1.000,1.000,1.000,1.000,1.000,1.020,1.040,1.060
High School,E40,Electrical,Services,21.60,28.80,36.00,0.900,1.100,1.000,1.050,1.000,1.000,1.000,1.000,1.000,1.050,1.100,1.150
High School,E50,Conveying Systems,Services,0.00,2.40,9.60,0.900,1.100,1.000,1.050,1.000,1.000,1.000,1.000,1.000,1.500,1.800,2.000
High School,F10,Fixed Equipment,Equipment,4.80,7.20,12.00,0.900,1.100,1.000,1.050,1.000,1.000,1.000,1.000,1.000,1.000,1.000,1.000
High School,F20,Furnishings,Equipment,3.60,6.00,9.60,0.900,1.100,1.000,1.050,1.000,1.000,1.000,1.000,1.000,1.000,1.000,1.000
High School,G10,Special Construction,Site,2.40,4.80,7.20,0.900,1.100,1.000,1.050,1.000,1.000,1.000,1.000,1.000,1.000,1.000,1.000
High School,G20,Building Demolition,Site,0.00,2.40,6.00,0.900,1.100,1.000,1.050,1.000,1.000,1.000,1.000,1.000,1.000,1.000,1.000
High School,Z10,General Requirements,General,9.60,14.40,19.20,0.900,1.100,1.000,1.050,1.000,1.000,1.000,1.000,1.000,1.000,1.000,1.000
High School,Z20,Contingency / Escalation,General,12.00,18.00,24.00,0.900,1.100,1.000,1.050,1.000,1.000,1.000,1.000,1.000,1.000,1.000,1.000
Specialty,A10,Foundations,Substructure,15.00,19.00,23.00,0.900,1.100,1.000,1.050,0.950,1.000,1.250,0.850,1.000,1.050,1.100,1.150
Specialty,A20,Basement Construction,Substructure,10.00,13.00,16.00,0.900,1.100,1.000,1.050,0.900,1.000,1.200,0.800,1.000,1.030,1.060,1.090
Specialty,A30,Substructure Specialties,Substructure,3.00,4.00,5.00,0.900,1.100,1.000,1.050,1.000,1.000,1.000,1.000,1.000,1.000,1.000,1.000
Specialty,B10,Floor Construction,Shell,22.00,27.00,34.00,0.900,1.100,1.000,1.050,0.850,1.000,1.350,0.750,1.000,1.080,1.160,1.240
Specialty,B20,Roof Construction,Shell,18.00,23.00,28.00,0.900,1.100,1.000,1.050,0.900,1.000,1.300,0.800,1.000,1.050,1.100,1.150
Specialty,B30,Structural Frame,Shell,28.00,35.00,44.00,0.900,1.100,1.000,1.050,0.800,1.000,1.400,0.700,1.000,1.100,1.200,1.300
Specialty,B40,Structural Specialties,Shell,4.00,5.00,6.00,0.900,1.100,1.000,1.050,1.000,1.000,1.100,0.950,1.000,1.020,1.040,1.060
Specialty,C10,Exterior Walls,Enclosure,32.00,40.00,50.00,0.900,1.100,1.000,1.050,0.950,1.000,1.150,0.900,1.000,1.030,1.060,1.090
Specialty,C20,Exterior Windows,Enclosure,15.00,20.00,25.00,0.900,1.100,1.000,1.050,1.000,1.000,1.000,1.000,1.000,1.020,1.040,1.060
Specialty,C30,Exterior Doors,Enclosure,5.00,8.00,10.00,0.900,1.100,1.000,1.050,1.000,1.000,1.000,1.000,1.000,1.000,1.000,1.000
Specialty,C40,Roofing,Enclosure,13.00,18.00,23.00,0.900,1.100,1.000,1.050,1.000,1.000,1.050,0.950,1.000,1.000,1.000,1.000
Specialty,C50,Exterior Specialties,Enclosure,3.00,4.00,5.00,0.900,1.100,1.000,1.050,1.000,1.000,1.000,1.000,1.000,1.000,1.000,1.000
Specialty,D10,Interior Partitions,Interiors,10.00,15.00,20.00,0.900,1.100,1.000,1.050,1.000,1.000,1.000,1.000,1.000,1.020,1.040,1.060
Specialty,D20,Interior Doors,Interiors,6.00,9.00,11.00,0.900,1.100,1.000,1.050,1.000,1.000,1.000,1.000,1.000,1.020,1.040,1.060
Specialty,D30,Fittings & Specialties,Interiors,8.00,10.00,12.00,0.900,1.100,1.000,1.050,1.000,1.000,1.000,1.000,1.000,1.000,1.000,1.000
Specialty,D40,Stairs,Interiors,5.00,8.00,10.00,0.900,1.100,1.000,1.050,0.950,1.000,1.100,0.900,1.000,1.150,1.300,1.450
Specialty,D50,Finishes,Interiors,20.00,26.00,32.00,0.900,1.100,1.000,1.050,1.000,1.000,1.000,1.000,1.000,1.000,1.000,1.000
Specialty,E10,Plumbing,Services,15.00,20.00,25.00,0.900,1.100,1.000,1.050,1.000,1.000,1.000,1.000,1.000,1.050,1.100,1.150
Specialty,E20,HVAC,Services,28.00,35.00,44.00,0.900,1.100,1.000,1.050,1.000,1.000,1.000,1.000,1.000,1.030,1.060,1.090
Specialty,E30,Fire Protection,Services,8.00,10.00,13.00,0.900,1.100,1.000,1.050,1.000,1.000,1.000,1.000,1.000,1.020,1.040,1.060
Specialty,E40,Electrical,Services,22.00,30.00,38.00,0.900,1.100,1.000,1.050,1.000,1.000,1.000,1.000,1.000,1.050,1.100,1.150
Specialty,E50,Conveying Systems,Services,0.00,3.00,10.00,0.900,1.100,1.000,1.050,1.000,1.000,1.000,1.000,1.000,1.500,1.800,2.000
Specialty,F10,Fixed Equipment,Equipment,6.00,9.00,14.00,0.900,1.100,1.000,1.050,1.000,1.000,1.000,1.000,1.000,1.000,1.000,1.000
Specialty,F20,Furnishings,Equipment,4.00,7.00,10.00,0.900,1.100,1.000,1.050,1.000,1.000,1.000,1.000,1.000,1.000,1.000,1.000
Specialty,G10,Special Construction,Site,3.00,5.00,8.00,0.900,1.100,1.000,1.050,1.000,1.000,1.000,1.000,1.000,1.000,1.000,1.000
Specialty,G20,Building Demolition,Site,0.00,3.00,6.00,0.900,1.100,1.000,1.050,1.000,1.000,1.000,1.000,1.000,1.000,1.000,1.000
Specialty,Z10,General Requirements,General,10.00,15.00,20.00,0.900,1.100,1.000,1.050,1.000,1.000,1.000,1.000,1.000,1.000,1.000,1.000
Specialty,Z20,Contingency / Escalation,General,12.00,18.00,25.00,0.900,1.100,1.000,1.050,1.000,1.000,1.000,1.000,1.000,1.000,1.000,1.000
Administration Building,A10,Foundations,Substructure,10.00,12.50,15.00,0.900,1.100,1.000,1.050,0.950,1.000,1.250,0.850,1.000,1.050,1.100,1.150
Administration Building,A20,Basement Construction,Substructure,6.50,8.50,10.00,0.900,1.100,1.000,1.050,0.900,1.000,1.200,0.800,1.000,1.030,1.060,1.090
Administration Building,A30,Substructure Specialties,Substructure,1.50,2.50,3.50,0.900,1.100,1.000,1.050,1.000,1.000,1.000,1.000,1.000,1.000,1.000,1.000
Administration Building,B10,Floor Construction,Shell,15.00,18.50,24.00,0.900,1.100,1.000,1.050,0.850,1.000,1.350,0.750,1.000,1.080,1.160,1.240
Administration Building,B20,Roof Construction,Shell,12.00,15.00,18.50,0.900,1.100,1.000,1.050,0.900,1.000,1.300,0.800,1.000,1.050,1.100,1.150
Administration Building,B30,Structural Frame,Shell,18.50,24.00,30.00,0.900,1.100,1.000,1.050,0.800,1.000,1.400,0.700,1.000,1.100,1.200,1.300
Administration Building,B40,Structural Specialties,Shell,2.50,3.50,4.50,0.900,1.100,1.000,1.050,1.000,1.000,1.100,0.950,1.000,1.020,1.040,1.060
Administration Building,C10,Exterior Walls,Enclosure,21.00,27.00,34.00,0.900,1.100,1.000,1.050,0.950,1.000,1.150,0.900,1.000,1.030,1.060,1.090
Administration Building,C20,Exterior Windows,Enclosure,10.00,13.50,17.00,0.900,1.100,1.000,1.050,1.000,1.000,1.000,1.000,1.000,1.020,1.040,1.060
Administration Building,C30,Exterior Doors,Enclosure,3.50,5.00,7.00,0.900,1.100,1.000,1.050,1.000,1.000,1.000,1.000,1.000,1.000,1.000,1.000
Administration Building,C40,Roofing,Enclosure,8.50,12.00,15.00,0.900,1.100,1.000,1.050,1.000,1.000,1.050,0.950,1.000,1.000,1.000,1.000
Administration Building,C50,Exterior Specialties,Enclosure,1.50,2.50,3.50,0.900,1.100,1.000,1.050,1.000,1.000,1.000,1.000,1.000,1.000,1.000,1.000
Administration Building,D10,Interior Partitions,Interiors,7.00,10.00,14.00,0.900,1.100,1.000,1.050,1.000,1.000,1.000,1.000,1.000,1.020,1.040,1.060
Administration Building,D20,Interior Doors,Interiors,4.50,6.00,8.00,0.900,1.100,1.000,1.050,1.000,1.000,1.000,1.000,1.000,1.020,1.040,1.060
Administration Building,D30,Fittings & Specialties,Interiors,5.00,7.00,9.00,0.900,1.100,1.000,1.050,1.000,1.000,1.000,1.000,1.000,1.000,1.000,1.000
Administration Building,D40,Stairs,Interiors,3.50,5.00,7.00,0.900,1.100,1.000,1.050,0.950,1.000,1.100,0.900,1.000,1.150,1.300,1.450
Administration Building,D50,Finishes,Interiors,13.00,17.00,21.00,0.900,1.100,1.000,1.050,1.000,1.000,1.000,1.000,1.000,1.000,1.000,1.000
Administration Building,E10,Plumbing,Services,10.00,13.50,17.00,0.900,1.100,1.000,1.050,1.000,1.000,1.000,1.000,1.000,1.050,1.100,1.150
Administration Building,E20,HVAC,Services,18.50,24.00,30.00,0.900,1.100,1.000,1.050,1.000,1.000,1.000,1.000,1.000,1.030,1.060,1.090
Administration Building,E30,Fire Protection,Services,5.00,7.00,9.00,0.900,1.100,1.000,1.050,1.000,1.000,1.000,1.000,1.000,1.020,1.040,1.060
Administration Building,E40,Electrical,Services,15.00,20.00,26.00,0.900,1.100,1.000,1.050,1.000,1.000,1.000,1.000,1.000,1.050,1.100,1.150
Administration Building,E50,Conveying Systems,Services,0.00,1.50,7.00,0.900,1.100,1.000,1.050,1.000,1.000,1.000,1.000,1.000,1.500,1.800,2.000
Administration Building,F10,Fixed Equipment,Equipment,3.50,5.00,8.50,0.900,1.100,1.000,1.050,1.000,1.000,1.000,1.000,1.000,1.000,1.000,1.000
Administration Building,F20,Furnishings,Equipment,2.50,4.50,7.00,0.900,1.100,1.000,1.050,1.000,1.000,1.000,1.000,1.000,1.000,1.000,1.000
Administration Building,G10,Special Construction,Site,1.50,3.50,5.00,0.900,1.100,1.000,1.050,1.000,1.000,1.000,1.000,1.000,1.000,1.000,1.000
Administration Building,G20,Building Demolition,Site,0.00,1.50,4.50,0.900,1.100,1.000,1.050,1.000,1.000,1.000,1.000,1.000,1.000,1.000,1.000
Administration Building,Z10,General Requirements,General,7.00,10.00,14.00,0.900,1.100,1.000,1.050,1.000,1.000,1.000,1.000,1.000,1.000,1.000,1.000
Administration Building,Z20,Contingency / Escalation,General,8.50,13.00,17.00,0.900,1.100,1.000,1.050,1.000,1.000,1.000,1.000,1.000,1.000,1.000,1.000
District,A10,Foundations,Substructure,9.00,11.50,14.00,0.900,1.100,1.000,1.050,0.950,1.000,1.250,0.850,1.000,1.050,1.100,1.150
District,A20,Basement Construction,Substructure,6.00,7.50,9.00,0.900,1.100,1.000,1.050,0.900,1.000,1.200,0.800,1.000,1.030,1.060,1.090
District,A30,Substructure Specialties,Substructure,1.50,2.25,3.00,0.900,1.100,1.000,1.050,1.000,1.000,1.000,1.000,1.000,1.000,1.000,1.000
District,B10,Floor Construction,Shell,14.00,17.00,22.00,0.900,1.100,1.000,1.050,0.850,1.000,1.350,0.750,1.000,1.080,1.160,1.240
District,B20,Roof Construction,Shell,11.00,14.00,17.00,0.900,1.100,1.000,1.050,0.900,1.000,1.300,0.800,1.000,1.050,1.100,1.150
District,B30,Structural Frame,Shell,17.00,22.00,27.00,0.900,1.100,1.000,1.050,0.800,1.000,1.400,0.700,1.000,1.100,1.200,1.300
District,B40,Structural Specialties,Shell,2.25,3.00,4.00,0.900,1.100,1.000,1.050,1.000,1.000,1.100,0.950,1.000,1.020,1.040,1.060
District,C10,Exterior Walls,Enclosure,19.00,25.00,31.00,0.900,1.100,1.000,1.050,0.950,1.000,1.150,0.900,1.000,1.030,1.060,1.090
District,C20,Exterior Windows,Enclosure,9.00,12.00,15.00,0.900,1.100,1.000,1.050,1.000,1.000,1.000,1.000,1.000,1.020,1.040,1.060
District,C30,Exterior Doors,Enclosure,3.00,4.50,6.00,0.900,1.100,1.000,1.050,1.000,1.000,1.000,1.000,1.000,1.000,1.000,1.000
District,C40,Roofing,Enclosure,7.50,11.00,14.00,0.900,1.100,1.000,1.050,1.000,1.000,1.050,0.950,1.000,1.000,1.000,1.000
District,C50,Exterior Specialties,Enclosure,1.50,2.25,3.00,0.900,1.100,1.000,1.050,1.000,1.000,1.000,1.000,1.000,1.000,1.000,1.000
District,D10,Interior Partitions,Interiors,6.00,9.00,12.00,0.900,1.100,1.000,1.050,1.000,1.000,1.000,1.000,1.000,1.020,1.040,1.060
District,D20,Interior Doors,Interiors,4.00,5.50,7.00,0.900,1.100,1.000,1.050,1.000,1.000,1.000,1.000,1.000,1.020,1.040,1.060
District,D30,Fittings & Specialties,Interiors,4.50,6.00,8.00,0.900,1.100,1.000,1.050,1.000,1.000,1.000,1.000,1.000,1.000,1.000,1.000
District,D40,Stairs,Interiors,3.00,4.50,6.00,0.900,1.100,1.000,1.050,0.950,1.000,1.100,0.900,1.000,1.150,1.300,1.450
District,D50,Finishes,Interiors,11.00,15.00,19.00,0.900,1.100,1.000,1.050,1.000,1.000,1.000,1.000,1.000,1.000,1.000,1.000
District,E10,Plumbing,Services,9.00,12.00,15.00,0.900,1.100,1.000,1.050,1.000,1.000,1.000,1.000,1.000,1.050,1.100,1.150
District,E20,HVAC,Services,17.00,22.00,27.00,0.900,1.100,1.000,1.050,1.000,1.000,1.000,1.000,1.000,1.030,1.060,1.090
District,E30,Fire Protection,Services,4.50,6.00,8.00,0.900,1.100,1.000,1.050,1.000,1.000,1.000,1.000,1.000,1.020,1.040,1.060
District,E40,Electrical,Services,14.00,18.00,23.00,0.900,1.100,1.000,1.050,1.000,1.000,1.000,1.000,1.000,1.050,1.100,1.150
District,E50,Conveying Systems,Services,0.00,1.50,6.00,0.900,1.100,1.000,1.050,1.000,1.000,1.000,1.000,1.000,1.500,1.800,2.000
District,F10,Fixed Equipment,Equipment,3.00,4.50,8.00,0.900,1.100,1.000,1.050,1.000,1.000,1.000,1.000,1.000,1.000,1.000,1.000
District,F20,Furnishings,Equipment,2.25,4.00,6.00,0.900,1.100,1.000,1.050,1.000,1.000,1.000,1.000,1.000,1.000,1.000,1.000
District,G10,Special Construction,Site,1.50,3.00,4.50,0.900,1.100,1.000,1.050,1.000,1.000,1.000,1.000,1.000,1.000,1.000,1.000
District,G20,Building Demolition,Site,0.00,1.50,4.00,0.900,1.100,1.000,1.050,1.000,1.000,1.000,1.000,1.000,1.000,1.000,1.000
District,Z10,General Requirements,General,6.00,9.00,12.00,0.900,1.100,1.000,1.050,1.000,1.000,1.000,1.000,1.000,1.000,1.000,1.000
District,Z20,Contingency / Escalation,General,7.50,11.50,15.00,0.900,1.100,1.000,1.050,1.000,1.000,1.000,1.000,1.000,1.000,1.000,1.000
