,,,,,,,,,,,,,,
,,,,,,,,,,,,,,
,,,,,,,,,,,,,,
Table for space types,,,,,,,,,,,,,,
id,nane,desc,Category,Default sf,Default Cost,,,,,,,,,
1,Storage closet,Storage space,admin,200,Summed up the elemtal codes with the settings and * the area,,,,,,,,,
,,,,,,,,,,,,,,
,,,,,,,,,,,,,,
Space type costs,,,,,,,,,,,,,,
name,code,Cost high,Csf avg,Csf low,Procurment type cmar,Procurment type Bid,Building tye Concrete,Building type Steel ,Building type met,Story 1,Story 2,Story 3,Story 4,
1,A10,14,15,16,0.9,1.1,0.7,1,1.3,1,1.1,1.2,1.3,
1,A20,14,15,16,0.9,1.1,0.7,1,1.3,1,1.1,1.2,1.3,
1,A30,14,15,16,0.9,1.1,0.7,1,1.3,1,1.1,1.2,1.3,
1,B10,14,15,16,0.9,1.1,0.7,1,1.3,1,1.1,1.2,1.3,
1,B20,14,15,16,0.9,1.1,0.7,1,1.3,1,1.1,1.2,1.3,
1,B30,14,15,16,0.9,1.1,0.7,1,1.3,1,1.1,1.2,1.3,
1,B40,14,15,16,0.9,1.1,0.7,1,1.3,1,1.1,1.2,1.3,
1,C10,14,15,16,0.9,1.1,0.7,1,1.3,1,1.1,1.2,1.3,
1,C20,14,15,16,0.9,1.1,0.7,1,1.3,1,1.1,1.2,1.3,
1,C30,14,15,16,0.9,1.1,0.7,1,1.3,1,1.1,1.2,1.3,
1,C40,14,15,16,0.9,1.1,0.7,1,1.3,1,1.1,1.2,1.3,
1,C50,14,15,16,0.9,1.1,0.7,1,1.3,1,1.1,1.2,1.3,
1,D10,14,15,16,0.9,1.1,0.7,1,1.3,1,1.1,1.2,1.3,
1,D20,14,15,16,0.9,1.1,0.7,1,1.3,1,1.1,1.2,1.3,
1,D30,14,15,16,0.9,1.1,0.7,1,1.3,1,1.1,1.2,1.3,
1,D40,14,15,16,0.9,1.1,0.7,1,1.3,1,1.1,1.2,1.3,
1,D50,14,15,16,0.9,1.1,0.7,1,1.3,1,1.1,1.2,1.3,
1,E10,14,15,16,0.9,1.1,0.7,1,1.3,1,1.1,1.2,1.3,
1,E20,14,15,16,0.9,1.1,0.7,1,1.3,1,1.1,1.2,1.3,
1,E30,14,15,16,0.9,1.1,0.7,1,1.3,1,1.1,1.2,1.3,
1,E40,14,15,16,0.9,1.1,0.7,1,1.3,1,1.1,1.2,1.3,
1,E50,14,15,16,0.9,1.1,0.7,1,1.3,1,1.1,1.2,1.3,
1,F10,14,15,16,0.9,1.1,0.7,1,1.3,1,1.1,1.2,1.3,
1,F20,14,15,16,0.9,1.1,0.7,1,1.3,1,1.1,1.2,1.3,
1,G10,14,15,16,0.9,1.1,0.7,1,1.3,1,1.1,1.2,1.3,
1,G20,14,15,16,0.9,1.1,0.7,1,1.3,1,1.1,1.2,1.3,
1,Z10,14,15,16,0.9,1.1,0.7,1,1.3,1,1.1,1.2,1.3,
1,Z20,14,15,16,0.9,1.1,0.7,1,1.3,1,1.1,1.2,1.3,
,,,,,,,,,,,,,,
Building level,,,,,,,,,,,,,,
Type,Code,Cost high,Csf avg,Cost low,Procurment type cmar,Procurment type Bid,Building tye Concrete,Building type Steel ,Building type met,Story 1,Story 2,Story 3,Story 4,
Elementary,A10,14,15,16,0.9,1.1,0.7,1,1.3,1,1.1,1.2,1.3,
Elementary,A20,14,15,16,0.9,1.1,0.7,1,1.3,1,1.1,1.2,1.3,
Elementary,A30,14,15,16,0.9,1.1,0.7,1,1.3,1,1.1,1.2,1.3,
Elementary,B10,14,15,16,0.9,1.1,0.7,1,1.3,1,1.1,1.2,1.3,
Elementary,B20,14,15,16,0.9,1.1,0.7,1,1.3,1,1.1,1.2,1.3,
Elementary,B30,14,15,16,0.9,1.1,0.7,1,1.3,1,1.1,1.2,1.3,
Elementary,B40,14,15,16,0.9,1.1,0.7,1,1.3,1,1.1,1.2,1.3,
Elementary,C10,14,15,16,0.9,1.1,0.7,1,1.3,1,1.1,1.2,1.3,
Elementary,C20,14,15,16,0.9,1.1,0.7,1,1.3,1,1.1,1.2,1.3,
Elementary,C30,14,15,16,0.9,1.1,0.7,1,1.3,1,1.1,1.2,1.3,
Elementary,C40,14,15,16,0.9,1.1,0.7,1,1.3,1,1.1,1.2,1.3,
Elementary,C50,14,15,16,0.9,1.1,0.7,1,1.3,1,1.1,1.2,1.3,
Elementary,D10,14,15,16,0.9,1.1,0.7,1,1.3,1,1.1,1.2,1.3,
Elementary,D20,14,15,16,0.9,1.1,0.7,1,1.3,1,1.1,1.2,1.3,
Elementary,D30,14,15,16,0.9,1.1,0.7,1,1.3,1,1.1,1.2,1.3,
Elementary,D40,14,15,16,0.9,1.1,0.7,1,1.3,1,1.1,1.2,1.3,
Elementary,D50,14,15,16,0.9,1.1,0.7,1,1.3,1,1.1,1.2,1.3,
Elementary,E10,14,15,16,0.9,1.1,0.7,1,1.3,1,1.1,1.2,1.3,
Elementary,E20,14,15,16,0.9,1.1,0.7,1,1.3,1,1.1,1.2,1.3,
Elementary,E30,14,15,16,0.9,1.1,0.7,1,1.3,1,1.1,1.2,1.3,
Elementary,E40,14,15,16,0.9,1.1,0.7,1,1.3,1,1.1,1.2,1.3,
Elementary,E50,14,15,16,0.9,1.1,0.7,1,1.3,1,1.1,1.2,1.3,
Elementary,F10,14,15,16,0.9,1.1,0.7,1,1.3,1,1.1,1.2,1.3,
Elementary,F20,14,15,16,0.9,1.1,0.7,1,1.3,1,1.1,1.2,1.3,
Elementary,G10,14,15,16,0.9,1.1,0.7,1,1.3,1,1.1,1.2,1.3,
Elementary,G20,14,15,16,0.9,1.1,0.7,1,1.3,1,1.1,1.2,1.3,
Elementary,Z10,14,15,16,0.9,1.1,0.7,1,1.3,1,1.1,1.2,1.3,
Elementary,Z20,14,15,16,0.9,1.1,0.7,1,1.3,1,1.1,1.2,1.3,
,,,,,,,,,,,,,,
Building table,,,,,,,,,,,,,,
id,name,Description,Cost,Sf,Student Population,Procurment type,Construction type,Stories,,,,,,
1,Elementary,Test Elementary,sum(csf)*sf,75000,1200,CMAR,Steel,1,,,,,,
,,,,,,,,,,,,,,
Element codes,,,,,,,,,,,,,,
Id,name,,,,,,,,,,,,,
A10,Foundations,,,,,,,,,,,,,
A20,Basement Construction,,,,,,,,,,,,,
A30,Substructure Specialties,,,,,,,,,,,,,
B10,Floor Construction,,,,,,,,,,,,,
B20,Roof Construction,,,,,,,,,,,,,
B30,Structural Frame,,,,,,,,,,,,,
B40,Structural Specialties,,,,,,,,,,,,,
C10,Exterior Walls,,,,,,,,,,,,,
C20,Exterior Windows,,,,,,,,,,,,,
C30,Exterior Doors,,,,,,,,,,,,,
C40,Roofing,,,,,,,,,,,,,
C50,Exterior Specialties,,,,,,,,,,,,,
D10,Interior Partitions,,,,,,,,,,,,,
D20,Interior Doors,,,,,,,,,,,,,
D30,Fittings & Specialties,,,,,,,,,,,,,
D40,Stairs,,,,,,,,,,,,,
D50,Finishes,,,,,,,,,,,,,
E10,Plumbing,,,,,,,,,,,,,
E20,HVAC,,,,,,,,,,,,,
E30,Fire Protection,,,,,,,,,,,,,
E40,Electrical,,,,,,,,,,,,,
E50,Conveying Systems,,,,,,,,,,,,,
F10,Fixed Equipment,,,,,,,,,,,,,
F20,Furnishings,,,,,,,,,,,,,
G10,Special Construction,,,,,,,,,,,,,
G20,Building Demolition,,,,,,,,,,,,,
Z10,General Requirements,,,,,,,,,,,,,
Z20,Contingency / Escalation,,,,,,,,,,,,,